,`e,`e_cnt,,_cnt,,_cnt,ڑ,ڑ_cnt,`e,`e_cnt,,_cnt,,_cnt,ڑ,ڑ_cnt,`e,`e_cnt,,_cnt,,_cnt,ڑ,ڑ_cnt,`e,`e_cnt,,_cnt,,_cnt,ڑ,ڑ_cnt,`e,`e_cnt,,_cnt,,_cnt,ڑ,ڑ_cnt,`e,`e_cnt,,_cnt,,_cnt,ڑ,ڑ_cnt
0,Ȃ,<zip object at 0x00000236E2A98688>,Ȃ,<zip object at 0x00000236E2C60E88>,Ȃ,<zip object at 0x00000236E2C60208>,Ȃ,<zip object at 0x00000236E42B6948>,Ȃ,<zip object at 0x00000236E46A4508>,Ȃ,<zip object at 0x00000236E46A4408>,Ȃ,<zip object at 0x00000236E2A984C8>,Ȃ,<zip object at 0x00000236E2779408>,Ȃ,<zip object at 0x00000236E2A98108>,Ȃ,<zip object at 0x00000236E1F30308>,Ȃ,<zip object at 0x00000236E2C60148>,Ȃ,<zip object at 0x00000236E2C607C8>,Ȃ,<zip object at 0x00000236E2A9B148>,Ȃ,<zip object at 0x00000236E42B6208>,Ȃ,<zip object at 0x00000236E2C60F48>,Ȃ,<zip object at 0x00000236E28C26C8>,Ȃ,<zip object at 0x00000236E2A9B1C8>,Ȃ,<zip object at 0x00000236E2A98188>,Ȃ,<zip object at 0x00000236E2A98D48>,Ȃ,<zip object at 0x00000236E28C2948>,Ȃ,<zip object at 0x00000236E2A9BEC8>,Ȃ,<zip object at 0x00000236E2A98F48>,Ȃ,<zip object at 0x00000236E2A9BC88>,Ȃ,<zip object at 0x00000236E4311DC8>
1,,<zip object at 0x00000236E2A98688>,,<zip object at 0x00000236E2C60E88>,,<zip object at 0x00000236E2C60208>,,<zip object at 0x00000236E42B6948>,,<zip object at 0x00000236E46A4508>,,<zip object at 0x00000236E46A4408>,,<zip object at 0x00000236E2A984C8>,,<zip object at 0x00000236E2779408>,,<zip object at 0x00000236E2A98108>,,<zip object at 0x00000236E1F30308>,,<zip object at 0x00000236E2C60148>,,<zip object at 0x00000236E2C607C8>,,<zip object at 0x00000236E2A9B148>,,<zip object at 0x00000236E42B6208>,,<zip object at 0x00000236E2C60F48>,,<zip object at 0x00000236E28C26C8>,,<zip object at 0x00000236E2A9B1C8>,,<zip object at 0x00000236E2A98188>,,<zip object at 0x00000236E2A98D48>,,<zip object at 0x00000236E28C2948>,,<zip object at 0x00000236E2A9BEC8>,,<zip object at 0x00000236E2A98F48>,,<zip object at 0x00000236E2A9BC88>,,<zip object at 0x00000236E4311DC8>
2,傫,<zip object at 0x00000236E2A98688>,傫,<zip object at 0x00000236E2C60E88>,傫,<zip object at 0x00000236E2C60208>,傫,<zip object at 0x00000236E42B6948>,傫,<zip object at 0x00000236E46A4508>,傫,<zip object at 0x00000236E46A4408>,傫,<zip object at 0x00000236E2A984C8>,傫,<zip object at 0x00000236E2779408>,傫,<zip object at 0x00000236E2A98108>,傫,<zip object at 0x00000236E1F30308>,傫,<zip object at 0x00000236E2C60148>,傫,<zip object at 0x00000236E2C607C8>,傫,<zip object at 0x00000236E2A9B148>,傫,<zip object at 0x00000236E42B6208>,傫,<zip object at 0x00000236E2C60F48>,傫,<zip object at 0x00000236E28C26C8>,傫,<zip object at 0x00000236E2A9B1C8>,傫,<zip object at 0x00000236E2A98188>,傫,<zip object at 0x00000236E2A98D48>,傫,<zip object at 0x00000236E28C2948>,傫,<zip object at 0x00000236E2A9BEC8>,傫,<zip object at 0x00000236E2A98F48>,傫,<zip object at 0x00000236E2A9BC88>,傫,<zip object at 0x00000236E4311DC8>
3,Ⴂ,<zip object at 0x00000236E2A98688>,Ⴂ,<zip object at 0x00000236E2C60E88>,Ⴂ,<zip object at 0x00000236E2C60208>,Ⴂ,<zip object at 0x00000236E42B6948>,Ⴂ,<zip object at 0x00000236E46A4508>,Ⴂ,<zip object at 0x00000236E46A4408>,Ⴂ,<zip object at 0x00000236E2A984C8>,Ⴂ,<zip object at 0x00000236E2779408>,Ⴂ,<zip object at 0x00000236E2A98108>,Ⴂ,<zip object at 0x00000236E1F30308>,Ⴂ,<zip object at 0x00000236E2C60148>,Ⴂ,<zip object at 0x00000236E2C607C8>,Ⴂ,<zip object at 0x00000236E2A9B148>,Ⴂ,<zip object at 0x00000236E42B6208>,Ⴂ,<zip object at 0x00000236E2C60F48>,Ⴂ,<zip object at 0x00000236E28C26C8>,Ⴂ,<zip object at 0x00000236E2A9B1C8>,Ⴂ,<zip object at 0x00000236E2A98188>,Ⴂ,<zip object at 0x00000236E2A98D48>,Ⴂ,<zip object at 0x00000236E28C2948>,Ⴂ,<zip object at 0x00000236E2A9BEC8>,Ⴂ,<zip object at 0x00000236E2A98F48>,Ⴂ,<zip object at 0x00000236E2A9BC88>,Ⴂ,<zip object at 0x00000236E4311DC8>
4,,<zip object at 0x00000236E2A98688>,,<zip object at 0x00000236E2C60E88>,,<zip object at 0x00000236E2C60208>,,<zip object at 0x00000236E42B6948>,,<zip object at 0x00000236E46A4508>,,<zip object at 0x00000236E46A4408>,,<zip object at 0x00000236E2A984C8>,,<zip object at 0x00000236E2779408>,,<zip object at 0x00000236E2A98108>,,<zip object at 0x00000236E1F30308>,,<zip object at 0x00000236E2C60148>,,<zip object at 0x00000236E2C607C8>,,<zip object at 0x00000236E2A9B148>,,<zip object at 0x00000236E42B6208>,,<zip object at 0x00000236E2C60F48>,,<zip object at 0x00000236E28C26C8>,,<zip object at 0x00000236E2A9B1C8>,,<zip object at 0x00000236E2A98188>,,<zip object at 0x00000236E2A98D48>,,<zip object at 0x00000236E28C2948>,,<zip object at 0x00000236E2A9BEC8>,,<zip object at 0x00000236E2A98F48>,,<zip object at 0x00000236E2A9BC88>,,<zip object at 0x00000236E4311DC8>
5,悢,<zip object at 0x00000236E2A98688>,悢,<zip object at 0x00000236E2C60E88>,悢,<zip object at 0x00000236E2C60208>,悢,<zip object at 0x00000236E42B6948>,悢,<zip object at 0x00000236E46A4508>,悢,<zip object at 0x00000236E46A4408>,悢,<zip object at 0x00000236E2A984C8>,悢,<zip object at 0x00000236E2779408>,悢,<zip object at 0x00000236E2A98108>,悢,<zip object at 0x00000236E1F30308>,悢,<zip object at 0x00000236E2C60148>,悢,<zip object at 0x00000236E2C607C8>,悢,<zip object at 0x00000236E2A9B148>,悢,<zip object at 0x00000236E42B6208>,悢,<zip object at 0x00000236E2C60F48>,悢,<zip object at 0x00000236E28C26C8>,悢,<zip object at 0x00000236E2A9B1C8>,悢,<zip object at 0x00000236E2A98188>,悢,<zip object at 0x00000236E2A98D48>,悢,<zip object at 0x00000236E28C2948>,悢,<zip object at 0x00000236E2A9BEC8>,悢,<zip object at 0x00000236E2A98F48>,悢,<zip object at 0x00000236E2A9BC88>,悢,<zip object at 0x00000236E4311DC8>
6,,<zip object at 0x00000236E2A98688>,,<zip object at 0x00000236E2C60E88>,,<zip object at 0x00000236E2C60208>,,<zip object at 0x00000236E42B6948>,,<zip object at 0x00000236E46A4508>,,<zip object at 0x00000236E46A4408>,,<zip object at 0x00000236E2A984C8>,,<zip object at 0x00000236E2779408>,,<zip object at 0x00000236E2A98108>,,<zip object at 0x00000236E1F30308>,,<zip object at 0x00000236E2C60148>,,<zip object at 0x00000236E2C607C8>,,<zip object at 0x00000236E2A9B148>,,<zip object at 0x00000236E42B6208>,,<zip object at 0x00000236E2C60F48>,,<zip object at 0x00000236E28C26C8>,,<zip object at 0x00000236E2A9B1C8>,,<zip object at 0x00000236E2A98188>,,<zip object at 0x00000236E2A98D48>,,<zip object at 0x00000236E28C2948>,,<zip object at 0x00000236E2A9BEC8>,,<zip object at 0x00000236E2A98F48>,,<zip object at 0x00000236E2A9BC88>,,<zip object at 0x00000236E4311DC8>
7,,<zip object at 0x00000236E2A98688>,,<zip object at 0x00000236E2C60E88>,,<zip object at 0x00000236E2C60208>,,<zip object at 0x00000236E42B6948>,,<zip object at 0x00000236E46A4508>,,<zip object at 0x00000236E46A4408>,,<zip object at 0x00000236E2A984C8>,,<zip object at 0x00000236E2779408>,,<zip object at 0x00000236E2A98108>,,<zip object at 0x00000236E1F30308>,,<zip object at 0x00000236E2C60148>,,<zip object at 0x00000236E2C607C8>,,<zip object at 0x00000236E2A9B148>,,<zip object at 0x00000236E42B6208>,,<zip object at 0x00000236E2C60F48>,,<zip object at 0x00000236E28C26C8>,,<zip object at 0x00000236E2A9B1C8>,,<zip object at 0x00000236E2A98188>,,<zip object at 0x00000236E2A98D48>,,<zip object at 0x00000236E28C2948>,,<zip object at 0x00000236E2A9BEC8>,,<zip object at 0x00000236E2A98F48>,,<zip object at 0x00000236E2A9BC88>,,<zip object at 0x00000236E4311DC8>
8,,<zip object at 0x00000236E2A98688>,,<zip object at 0x00000236E2C60E88>,,<zip object at 0x00000236E2C60208>,,<zip object at 0x00000236E42B6948>,,<zip object at 0x00000236E46A4508>,,<zip object at 0x00000236E46A4408>,,<zip object at 0x00000236E2A984C8>,,<zip object at 0x00000236E2779408>,,<zip object at 0x00000236E2A98108>,,<zip object at 0x00000236E1F30308>,,<zip object at 0x00000236E2C60148>,,<zip object at 0x00000236E2C607C8>,,<zip object at 0x00000236E2A9B148>,,<zip object at 0x00000236E42B6208>,,<zip object at 0x00000236E2C60F48>,,<zip object at 0x00000236E28C26C8>,,<zip object at 0x00000236E2A9B1C8>,,<zip object at 0x00000236E2A98188>,,<zip object at 0x00000236E2A98D48>,,<zip object at 0x00000236E28C2948>,,<zip object at 0x00000236E2A9BEC8>,,<zip object at 0x00000236E2A98F48>,,<zip object at 0x00000236E2A9BC88>,,<zip object at 0x00000236E4311DC8>
9,V,<zip object at 0x00000236E2A98688>,V,<zip object at 0x00000236E2C60E88>,V,<zip object at 0x00000236E2C60208>,V,<zip object at 0x00000236E42B6948>,V,<zip object at 0x00000236E46A4508>,V,<zip object at 0x00000236E46A4408>,V,<zip object at 0x00000236E2A984C8>,V,<zip object at 0x00000236E2779408>,V,<zip object at 0x00000236E2A98108>,V,<zip object at 0x00000236E1F30308>,V,<zip object at 0x00000236E2C60148>,V,<zip object at 0x00000236E2C607C8>,V,<zip object at 0x00000236E2A9B148>,V,<zip object at 0x00000236E42B6208>,V,<zip object at 0x00000236E2C60F48>,V,<zip object at 0x00000236E28C26C8>,V,<zip object at 0x00000236E2A9B1C8>,V,<zip object at 0x00000236E2A98188>,V,<zip object at 0x00000236E2A98D48>,V,<zip object at 0x00000236E28C2948>,V,<zip object at 0x00000236E2A9BEC8>,V,<zip object at 0x00000236E2A98F48>,V,<zip object at 0x00000236E2A9BC88>,V,<zip object at 0x00000236E4311DC8>
10,,<zip object at 0x00000236E2A98688>,,<zip object at 0x00000236E2C60E88>,,<zip object at 0x00000236E2C60208>,,<zip object at 0x00000236E42B6948>,,<zip object at 0x00000236E46A4508>,,<zip object at 0x00000236E46A4408>,,<zip object at 0x00000236E2A984C8>,,<zip object at 0x00000236E2779408>,,<zip object at 0x00000236E2A98108>,,<zip object at 0x00000236E1F30308>,,<zip object at 0x00000236E2C60148>,,<zip object at 0x00000236E2C607C8>,,<zip object at 0x00000236E2A9B148>,,<zip object at 0x00000236E42B6208>,,<zip object at 0x00000236E2C60F48>,,<zip object at 0x00000236E28C26C8>,,<zip object at 0x00000236E2A9B1C8>,,<zip object at 0x00000236E2A98188>,,<zip object at 0x00000236E2A98D48>,,<zip object at 0x00000236E28C2948>,,<zip object at 0x00000236E2A9BEC8>,,<zip object at 0x00000236E2A98F48>,,<zip object at 0x00000236E2A9BC88>,,<zip object at 0x00000236E4311DC8>
11,Ȃ,<zip object at 0x00000236E2A98688>,Ȃ,<zip object at 0x00000236E2C60E88>,Ȃ,<zip object at 0x00000236E2C60208>,Ȃ,<zip object at 0x00000236E42B6948>,Ȃ,<zip object at 0x00000236E46A4508>,Ȃ,<zip object at 0x00000236E46A4408>,Ȃ,<zip object at 0x00000236E2A984C8>,Ȃ,<zip object at 0x00000236E2779408>,Ȃ,<zip object at 0x00000236E2A98108>,Ȃ,<zip object at 0x00000236E1F30308>,Ȃ,<zip object at 0x00000236E2C60148>,Ȃ,<zip object at 0x00000236E2C607C8>,Ȃ,<zip object at 0x00000236E2A9B148>,Ȃ,<zip object at 0x00000236E42B6208>,Ȃ,<zip object at 0x00000236E2C60F48>,Ȃ,<zip object at 0x00000236E28C26C8>,Ȃ,<zip object at 0x00000236E2A9B1C8>,Ȃ,<zip object at 0x00000236E2A98188>,Ȃ,<zip object at 0x00000236E2A98D48>,Ȃ,<zip object at 0x00000236E28C2948>,Ȃ,<zip object at 0x00000236E2A9BEC8>,Ȃ,<zip object at 0x00000236E2A98F48>,Ȃ,<zip object at 0x00000236E2A9BC88>,Ȃ,<zip object at 0x00000236E4311DC8>
12,ӂ킵,<zip object at 0x00000236E2A98688>,ӂ킵,<zip object at 0x00000236E2C60E88>,ӂ킵,<zip object at 0x00000236E2C60208>,ӂ킵,<zip object at 0x00000236E42B6948>,ӂ킵,<zip object at 0x00000236E46A4508>,ӂ킵,<zip object at 0x00000236E46A4408>,ӂ킵,<zip object at 0x00000236E2A984C8>,ӂ킵,<zip object at 0x00000236E2779408>,ӂ킵,<zip object at 0x00000236E2A98108>,ӂ킵,<zip object at 0x00000236E1F30308>,ӂ킵,<zip object at 0x00000236E2C60148>,ӂ킵,<zip object at 0x00000236E2C607C8>,ӂ킵,<zip object at 0x00000236E2A9B148>,ӂ킵,<zip object at 0x00000236E42B6208>,ӂ킵,<zip object at 0x00000236E2C60F48>,ӂ킵,<zip object at 0x00000236E28C26C8>,ӂ킵,<zip object at 0x00000236E2A9B1C8>,ӂ킵,<zip object at 0x00000236E2A98188>,ӂ킵,<zip object at 0x00000236E2A98D48>,ӂ킵,<zip object at 0x00000236E28C2948>,ӂ킵,<zip object at 0x00000236E2A9BEC8>,ӂ킵,<zip object at 0x00000236E2A98F48>,ӂ킵,<zip object at 0x00000236E2A9BC88>,ӂ킵,<zip object at 0x00000236E4311DC8>
13,₷,<zip object at 0x00000236E2A98688>,₷,<zip object at 0x00000236E2C60E88>,₷,<zip object at 0x00000236E2C60208>,₷,<zip object at 0x00000236E42B6948>,₷,<zip object at 0x00000236E46A4508>,₷,<zip object at 0x00000236E46A4408>,₷,<zip object at 0x00000236E2A984C8>,₷,<zip object at 0x00000236E2779408>,₷,<zip object at 0x00000236E2A98108>,₷,<zip object at 0x00000236E1F30308>,₷,<zip object at 0x00000236E2C60148>,₷,<zip object at 0x00000236E2C607C8>,₷,<zip object at 0x00000236E2A9B148>,₷,<zip object at 0x00000236E42B6208>,₷,<zip object at 0x00000236E2C60F48>,₷,<zip object at 0x00000236E28C26C8>,₷,<zip object at 0x00000236E2A9B1C8>,₷,<zip object at 0x00000236E2A98188>,₷,<zip object at 0x00000236E2A98D48>,₷,<zip object at 0x00000236E28C2948>,₷,<zip object at 0x00000236E2A9BEC8>,₷,<zip object at 0x00000236E2A98F48>,₷,<zip object at 0x00000236E2A9BC88>,₷,<zip object at 0x00000236E4311DC8>
14,ǂ,<zip object at 0x00000236E2A98688>,ǂ,<zip object at 0x00000236E2C60E88>,ǂ,<zip object at 0x00000236E2C60208>,ǂ,<zip object at 0x00000236E42B6948>,ǂ,<zip object at 0x00000236E46A4508>,ǂ,<zip object at 0x00000236E46A4408>,ǂ,<zip object at 0x00000236E2A984C8>,ǂ,<zip object at 0x00000236E2779408>,ǂ,<zip object at 0x00000236E2A98108>,ǂ,<zip object at 0x00000236E1F30308>,ǂ,<zip object at 0x00000236E2C60148>,ǂ,<zip object at 0x00000236E2C607C8>,ǂ,<zip object at 0x00000236E2A9B148>,ǂ,<zip object at 0x00000236E42B6208>,ǂ,<zip object at 0x00000236E2C60F48>,ǂ,<zip object at 0x00000236E28C26C8>,ǂ,<zip object at 0x00000236E2A9B1C8>,ǂ,<zip object at 0x00000236E2A98188>,ǂ,<zip object at 0x00000236E2A98D48>,ǂ,<zip object at 0x00000236E28C2948>,ǂ,<zip object at 0x00000236E2A9BEC8>,ǂ,<zip object at 0x00000236E2A98F48>,ǂ,<zip object at 0x00000236E2A9BC88>,ǂ,<zip object at 0x00000236E4311DC8>
15,S苭,<zip object at 0x00000236E2A98688>,S苭,<zip object at 0x00000236E2C60E88>,S苭,<zip object at 0x00000236E2C60208>,S苭,<zip object at 0x00000236E42B6948>,S苭,<zip object at 0x00000236E46A4508>,S苭,<zip object at 0x00000236E46A4408>,S苭,<zip object at 0x00000236E2A984C8>,S苭,<zip object at 0x00000236E2779408>,S苭,<zip object at 0x00000236E2A98108>,S苭,<zip object at 0x00000236E1F30308>,S苭,<zip object at 0x00000236E2C60148>,S苭,<zip object at 0x00000236E2C607C8>,S苭,<zip object at 0x00000236E2A9B148>,S苭,<zip object at 0x00000236E42B6208>,S苭,<zip object at 0x00000236E2C60F48>,S苭,<zip object at 0x00000236E28C26C8>,S苭,<zip object at 0x00000236E2A9B1C8>,S苭,<zip object at 0x00000236E2A98188>,S苭,<zip object at 0x00000236E2A98D48>,S苭,<zip object at 0x00000236E28C2948>,S苭,<zip object at 0x00000236E2A9BEC8>,S苭,<zip object at 0x00000236E2A98F48>,S苭,<zip object at 0x00000236E2A9BC88>,S苭,<zip object at 0x00000236E4311DC8>
16,,<zip object at 0x00000236E2A98688>,,<zip object at 0x00000236E2C60E88>,,<zip object at 0x00000236E2C60208>,,<zip object at 0x00000236E42B6948>,,<zip object at 0x00000236E46A4508>,,<zip object at 0x00000236E46A4408>,,<zip object at 0x00000236E2A984C8>,,<zip object at 0x00000236E2779408>,,<zip object at 0x00000236E2A98108>,,<zip object at 0x00000236E1F30308>,,<zip object at 0x00000236E2C60148>,,<zip object at 0x00000236E2C607C8>,,<zip object at 0x00000236E2A9B148>,,<zip object at 0x00000236E42B6208>,,<zip object at 0x00000236E2C60F48>,,<zip object at 0x00000236E28C26C8>,,<zip object at 0x00000236E2A9B1C8>,,<zip object at 0x00000236E2A98188>,,<zip object at 0x00000236E2A98D48>,,<zip object at 0x00000236E28C2948>,,<zip object at 0x00000236E2A9BEC8>,,<zip object at 0x00000236E2A98F48>,,<zip object at 0x00000236E2A9BC88>,,<zip object at 0x00000236E4311DC8>
17,[,<zip object at 0x00000236E2A98688>,[,<zip object at 0x00000236E2C60E88>,[,<zip object at 0x00000236E2C60208>,[,<zip object at 0x00000236E42B6948>,[,<zip object at 0x00000236E46A4508>,[,<zip object at 0x00000236E46A4408>,[,<zip object at 0x00000236E2A984C8>,[,<zip object at 0x00000236E2779408>,[,<zip object at 0x00000236E2A98108>,[,<zip object at 0x00000236E1F30308>,[,<zip object at 0x00000236E2C60148>,[,<zip object at 0x00000236E2C607C8>,[,<zip object at 0x00000236E2A9B148>,[,<zip object at 0x00000236E42B6208>,[,<zip object at 0x00000236E2C60F48>,[,<zip object at 0x00000236E28C26C8>,[,<zip object at 0x00000236E2A9B1C8>,[,<zip object at 0x00000236E2A98188>,[,<zip object at 0x00000236E2A98D48>,[,<zip object at 0x00000236E28C2948>,[,<zip object at 0x00000236E2A9BEC8>,[,<zip object at 0x00000236E2A98F48>,[,<zip object at 0x00000236E2A9BC88>,[,<zip object at 0x00000236E4311DC8>
18,ڂ,<zip object at 0x00000236E2A98688>,ڂ,<zip object at 0x00000236E2C60E88>,ڂ,<zip object at 0x00000236E2C60208>,ڂ,<zip object at 0x00000236E42B6948>,ڂ,<zip object at 0x00000236E46A4508>,ڂ,<zip object at 0x00000236E46A4408>,ڂ,<zip object at 0x00000236E2A984C8>,ڂ,<zip object at 0x00000236E2779408>,ڂ,<zip object at 0x00000236E2A98108>,ڂ,<zip object at 0x00000236E1F30308>,ڂ,<zip object at 0x00000236E2C60148>,ڂ,<zip object at 0x00000236E2C607C8>,ڂ,<zip object at 0x00000236E2A9B148>,ڂ,<zip object at 0x00000236E42B6208>,ڂ,<zip object at 0x00000236E2C60F48>,ڂ,<zip object at 0x00000236E28C26C8>,ڂ,<zip object at 0x00000236E2A9B1C8>,ڂ,<zip object at 0x00000236E2A98188>,ڂ,<zip object at 0x00000236E2A98D48>,ڂ,<zip object at 0x00000236E28C2948>,ڂ,<zip object at 0x00000236E2A9BEC8>,ڂ,<zip object at 0x00000236E2A98F48>,ڂ,<zip object at 0x00000236E2A9BC88>,ڂ,<zip object at 0x00000236E4311DC8>
19,Z,<zip object at 0x00000236E2A98688>,Z,<zip object at 0x00000236E2C60E88>,Z,<zip object at 0x00000236E2C60208>,Z,<zip object at 0x00000236E42B6948>,Z,<zip object at 0x00000236E46A4508>,Z,<zip object at 0x00000236E46A4408>,Z,<zip object at 0x00000236E2A984C8>,Z,<zip object at 0x00000236E2779408>,Z,<zip object at 0x00000236E2A98108>,Z,<zip object at 0x00000236E1F30308>,Z,<zip object at 0x00000236E2C60148>,Z,<zip object at 0x00000236E2C607C8>,Z,<zip object at 0x00000236E2A9B148>,Z,<zip object at 0x00000236E42B6208>,Z,<zip object at 0x00000236E2C60F48>,Z,<zip object at 0x00000236E28C26C8>,Z,<zip object at 0x00000236E2A9B1C8>,Z,<zip object at 0x00000236E2A98188>,Z,<zip object at 0x00000236E2A98D48>,Z,<zip object at 0x00000236E28C2948>,Z,<zip object at 0x00000236E2A9BEC8>,Z,<zip object at 0x00000236E2A98F48>,Z,<zip object at 0x00000236E2A9BC88>,Z,<zip object at 0x00000236E4311DC8>
20,͋,<zip object at 0x00000236E2A98688>,͋,<zip object at 0x00000236E2C60E88>,͋,<zip object at 0x00000236E2C60208>,͋,<zip object at 0x00000236E42B6948>,͋,<zip object at 0x00000236E46A4508>,͋,<zip object at 0x00000236E46A4408>,͋,<zip object at 0x00000236E2A984C8>,͋,<zip object at 0x00000236E2779408>,͋,<zip object at 0x00000236E2A98108>,͋,<zip object at 0x00000236E1F30308>,͋,<zip object at 0x00000236E2C60148>,͋,<zip object at 0x00000236E2C607C8>,͋,<zip object at 0x00000236E2A9B148>,͋,<zip object at 0x00000236E42B6208>,͋,<zip object at 0x00000236E2C60F48>,͋,<zip object at 0x00000236E28C26C8>,͋,<zip object at 0x00000236E2A9B1C8>,͋,<zip object at 0x00000236E2A98188>,͋,<zip object at 0x00000236E2A98D48>,͋,<zip object at 0x00000236E28C2948>,͋,<zip object at 0x00000236E2A9BEC8>,͋,<zip object at 0x00000236E2A98F48>,͋,<zip object at 0x00000236E2A9BC88>,͋,<zip object at 0x00000236E4311DC8>
21,L,<zip object at 0x00000236E2A98688>,L,<zip object at 0x00000236E2C60E88>,L,<zip object at 0x00000236E2C60208>,L,<zip object at 0x00000236E42B6948>,L,<zip object at 0x00000236E46A4508>,L,<zip object at 0x00000236E46A4408>,L,<zip object at 0x00000236E2A984C8>,L,<zip object at 0x00000236E2779408>,L,<zip object at 0x00000236E2A98108>,L,<zip object at 0x00000236E1F30308>,L,<zip object at 0x00000236E2C60148>,L,<zip object at 0x00000236E2C607C8>,L,<zip object at 0x00000236E2A9B148>,L,<zip object at 0x00000236E42B6208>,L,<zip object at 0x00000236E2C60F48>,L,<zip object at 0x00000236E28C26C8>,L,<zip object at 0x00000236E2A9B1C8>,L,<zip object at 0x00000236E2A98188>,L,<zip object at 0x00000236E2A98D48>,L,<zip object at 0x00000236E28C2948>,L,<zip object at 0x00000236E2A9BEC8>,L,<zip object at 0x00000236E2A98F48>,L,<zip object at 0x00000236E2A9BC88>,L,<zip object at 0x00000236E4311DC8>
22,,<zip object at 0x00000236E2A98688>,,<zip object at 0x00000236E2C60E88>,,<zip object at 0x00000236E2C60208>,,<zip object at 0x00000236E42B6948>,,<zip object at 0x00000236E46A4508>,,<zip object at 0x00000236E46A4408>,,<zip object at 0x00000236E2A984C8>,,<zip object at 0x00000236E2779408>,,<zip object at 0x00000236E2A98108>,,<zip object at 0x00000236E1F30308>,,<zip object at 0x00000236E2C60148>,,<zip object at 0x00000236E2C607C8>,,<zip object at 0x00000236E2A9B148>,,<zip object at 0x00000236E42B6208>,,<zip object at 0x00000236E2C60F48>,,<zip object at 0x00000236E28C26C8>,,<zip object at 0x00000236E2A9B1C8>,,<zip object at 0x00000236E2A98188>,,<zip object at 0x00000236E2A98D48>,,<zip object at 0x00000236E28C2948>,,<zip object at 0x00000236E2A9BEC8>,,<zip object at 0x00000236E2A98F48>,,<zip object at 0x00000236E2A9BC88>,,<zip object at 0x00000236E4311DC8>
23,h邬Ȃ,<zip object at 0x00000236E2A98688>,h邬Ȃ,<zip object at 0x00000236E2C60E88>,h邬Ȃ,<zip object at 0x00000236E2C60208>,h邬Ȃ,<zip object at 0x00000236E42B6948>,h邬Ȃ,<zip object at 0x00000236E46A4508>,h邬Ȃ,<zip object at 0x00000236E46A4408>,h邬Ȃ,<zip object at 0x00000236E2A984C8>,h邬Ȃ,<zip object at 0x00000236E2779408>,h邬Ȃ,<zip object at 0x00000236E2A98108>,h邬Ȃ,<zip object at 0x00000236E1F30308>,h邬Ȃ,<zip object at 0x00000236E2C60148>,h邬Ȃ,<zip object at 0x00000236E2C607C8>,h邬Ȃ,<zip object at 0x00000236E2A9B148>,h邬Ȃ,<zip object at 0x00000236E42B6208>,h邬Ȃ,<zip object at 0x00000236E2C60F48>,h邬Ȃ,<zip object at 0x00000236E28C26C8>,h邬Ȃ,<zip object at 0x00000236E2A9B1C8>,h邬Ȃ,<zip object at 0x00000236E2A98188>,h邬Ȃ,<zip object at 0x00000236E2A98D48>,h邬Ȃ,<zip object at 0x00000236E28C2948>,h邬Ȃ,<zip object at 0x00000236E2A9BEC8>,h邬Ȃ,<zip object at 0x00000236E2A98F48>,h邬Ȃ,<zip object at 0x00000236E2A9BC88>,h邬Ȃ,<zip object at 0x00000236E4311DC8>
24,,<zip object at 0x00000236E2A98688>,,<zip object at 0x00000236E2C60E88>,,<zip object at 0x00000236E2C60208>,,<zip object at 0x00000236E42B6948>,,<zip object at 0x00000236E46A4508>,,<zip object at 0x00000236E46A4408>,,<zip object at 0x00000236E2A984C8>,,<zip object at 0x00000236E2779408>,,<zip object at 0x00000236E2A98108>,,<zip object at 0x00000236E1F30308>,,<zip object at 0x00000236E2C60148>,,<zip object at 0x00000236E2C607C8>,,<zip object at 0x00000236E2A9B148>,,<zip object at 0x00000236E42B6208>,,<zip object at 0x00000236E2C60F48>,,<zip object at 0x00000236E28C26C8>,,<zip object at 0x00000236E2A9B1C8>,,<zip object at 0x00000236E2A98188>,,<zip object at 0x00000236E2A98D48>,,<zip object at 0x00000236E28C2948>,,<zip object at 0x00000236E2A9BEC8>,,<zip object at 0x00000236E2A98F48>,,<zip object at 0x00000236E2A9BC88>,,<zip object at 0x00000236E4311DC8>
25,,<zip object at 0x00000236E2A98688>,,<zip object at 0x00000236E2C60E88>,,<zip object at 0x00000236E2C60208>,,<zip object at 0x00000236E42B6948>,,<zip object at 0x00000236E46A4508>,,<zip object at 0x00000236E46A4408>,,<zip object at 0x00000236E2A984C8>,,<zip object at 0x00000236E2779408>,,<zip object at 0x00000236E2A98108>,,<zip object at 0x00000236E1F30308>,,<zip object at 0x00000236E2C60148>,,<zip object at 0x00000236E2C607C8>,,<zip object at 0x00000236E2A9B148>,,<zip object at 0x00000236E42B6208>,,<zip object at 0x00000236E2C60F48>,,<zip object at 0x00000236E28C26C8>,,<zip object at 0x00000236E2A9B1C8>,,<zip object at 0x00000236E2A98188>,,<zip object at 0x00000236E2A98D48>,,<zip object at 0x00000236E28C2948>,,<zip object at 0x00000236E2A9BEC8>,,<zip object at 0x00000236E2A98F48>,,<zip object at 0x00000236E2A9BC88>,,<zip object at 0x00000236E4311DC8>
26,ѓȂ,<zip object at 0x00000236E2A98688>,ѓȂ,<zip object at 0x00000236E2C60E88>,ѓȂ,<zip object at 0x00000236E2C60208>,ѓȂ,<zip object at 0x00000236E42B6948>,ѓȂ,<zip object at 0x00000236E46A4508>,ѓȂ,<zip object at 0x00000236E46A4408>,ѓȂ,<zip object at 0x00000236E2A984C8>,ѓȂ,<zip object at 0x00000236E2779408>,ѓȂ,<zip object at 0x00000236E2A98108>,ѓȂ,<zip object at 0x00000236E1F30308>,ѓȂ,<zip object at 0x00000236E2C60148>,ѓȂ,<zip object at 0x00000236E2C607C8>,ѓȂ,<zip object at 0x00000236E2A9B148>,ѓȂ,<zip object at 0x00000236E42B6208>,ѓȂ,<zip object at 0x00000236E2C60F48>,ѓȂ,<zip object at 0x00000236E28C26C8>,ѓȂ,<zip object at 0x00000236E2A9B1C8>,ѓȂ,<zip object at 0x00000236E2A98188>,ѓȂ,<zip object at 0x00000236E2A98D48>,ѓȂ,<zip object at 0x00000236E28C2948>,ѓȂ,<zip object at 0x00000236E2A9BEC8>,ѓȂ,<zip object at 0x00000236E2A98F48>,ѓȂ,<zip object at 0x00000236E2A9BC88>,ѓȂ,<zip object at 0x00000236E4311DC8>
27,߂,<zip object at 0x00000236E2A98688>,߂,<zip object at 0x00000236E2C60E88>,߂,<zip object at 0x00000236E2C60208>,߂,<zip object at 0x00000236E42B6948>,߂,<zip object at 0x00000236E46A4508>,߂,<zip object at 0x00000236E46A4408>,߂,<zip object at 0x00000236E2A984C8>,߂,<zip object at 0x00000236E2779408>,߂,<zip object at 0x00000236E2A98108>,߂,<zip object at 0x00000236E1F30308>,߂,<zip object at 0x00000236E2C60148>,߂,<zip object at 0x00000236E2C607C8>,߂,<zip object at 0x00000236E2A9B148>,߂,<zip object at 0x00000236E42B6208>,߂,<zip object at 0x00000236E2C60F48>,߂,<zip object at 0x00000236E28C26C8>,߂,<zip object at 0x00000236E2A9B1C8>,߂,<zip object at 0x00000236E2A98188>,߂,<zip object at 0x00000236E2A98D48>,߂,<zip object at 0x00000236E28C2948>,߂,<zip object at 0x00000236E2A9BEC8>,߂,<zip object at 0x00000236E2A98F48>,߂,<zip object at 0x00000236E2A9BC88>,߂,<zip object at 0x00000236E4311DC8>
28,,<zip object at 0x00000236E2A98688>,,<zip object at 0x00000236E2C60E88>,,<zip object at 0x00000236E2C60208>,,<zip object at 0x00000236E42B6948>,,<zip object at 0x00000236E46A4508>,,<zip object at 0x00000236E46A4408>,,<zip object at 0x00000236E2A984C8>,,<zip object at 0x00000236E2779408>,,<zip object at 0x00000236E2A98108>,,<zip object at 0x00000236E1F30308>,,<zip object at 0x00000236E2C60148>,,<zip object at 0x00000236E2C607C8>,,<zip object at 0x00000236E2A9B148>,,<zip object at 0x00000236E42B6208>,,<zip object at 0x00000236E2C60F48>,,<zip object at 0x00000236E28C26C8>,,<zip object at 0x00000236E2A9B1C8>,,<zip object at 0x00000236E2A98188>,,<zip object at 0x00000236E2A98D48>,,<zip object at 0x00000236E28C2948>,,<zip object at 0x00000236E2A9BEC8>,,<zip object at 0x00000236E2A98F48>,,<zip object at 0x00000236E2A9BC88>,,<zip object at 0x00000236E4311DC8>
29,,<zip object at 0x00000236E2A98688>,,<zip object at 0x00000236E2C60E88>,,<zip object at 0x00000236E2C60208>,,<zip object at 0x00000236E42B6948>,,<zip object at 0x00000236E46A4508>,,<zip object at 0x00000236E46A4408>,,<zip object at 0x00000236E2A984C8>,,<zip object at 0x00000236E2779408>,,<zip object at 0x00000236E2A98108>,,<zip object at 0x00000236E1F30308>,,<zip object at 0x00000236E2C60148>,,<zip object at 0x00000236E2C607C8>,,<zip object at 0x00000236E2A9B148>,,<zip object at 0x00000236E42B6208>,,<zip object at 0x00000236E2C60F48>,,<zip object at 0x00000236E28C26C8>,,<zip object at 0x00000236E2A9B1C8>,,<zip object at 0x00000236E2A98188>,,<zip object at 0x00000236E2A98D48>,,<zip object at 0x00000236E28C2948>,,<zip object at 0x00000236E2A9BEC8>,,<zip object at 0x00000236E2A98F48>,,<zip object at 0x00000236E2A9BC88>,,<zip object at 0x00000236E4311DC8>
30,,<zip object at 0x00000236E2A98688>,,<zip object at 0x00000236E2C60E88>,,<zip object at 0x00000236E2C60208>,,<zip object at 0x00000236E42B6948>,,<zip object at 0x00000236E46A4508>,,<zip object at 0x00000236E46A4408>,,<zip object at 0x00000236E2A984C8>,,<zip object at 0x00000236E2779408>,,<zip object at 0x00000236E2A98108>,,<zip object at 0x00000236E1F30308>,,<zip object at 0x00000236E2C60148>,,<zip object at 0x00000236E2C607C8>,,<zip object at 0x00000236E2A9B148>,,<zip object at 0x00000236E42B6208>,,<zip object at 0x00000236E2C60F48>,,<zip object at 0x00000236E28C26C8>,,<zip object at 0x00000236E2A9B1C8>,,<zip object at 0x00000236E2A98188>,,<zip object at 0x00000236E2A98D48>,,<zip object at 0x00000236E28C2948>,,<zip object at 0x00000236E2A9BEC8>,,<zip object at 0x00000236E2A98F48>,,<zip object at 0x00000236E2A9BC88>,,<zip object at 0x00000236E4311DC8>
31,n,<zip object at 0x00000236E2A98688>,n,<zip object at 0x00000236E2C60E88>,n,<zip object at 0x00000236E2C60208>,n,<zip object at 0x00000236E42B6948>,n,<zip object at 0x00000236E46A4508>,n,<zip object at 0x00000236E46A4408>,n,<zip object at 0x00000236E2A984C8>,n,<zip object at 0x00000236E2779408>,n,<zip object at 0x00000236E2A98108>,n,<zip object at 0x00000236E1F30308>,n,<zip object at 0x00000236E2C60148>,n,<zip object at 0x00000236E2C607C8>,n,<zip object at 0x00000236E2A9B148>,n,<zip object at 0x00000236E42B6208>,n,<zip object at 0x00000236E2C60F48>,n,<zip object at 0x00000236E28C26C8>,n,<zip object at 0x00000236E2A9B1C8>,n,<zip object at 0x00000236E2A98188>,n,<zip object at 0x00000236E2A98D48>,n,<zip object at 0x00000236E28C2948>,n,<zip object at 0x00000236E2A9BEC8>,n,<zip object at 0x00000236E2A98F48>,n,<zip object at 0x00000236E2A9BC88>,n,<zip object at 0x00000236E4311DC8>
32,,<zip object at 0x00000236E2A98688>,,<zip object at 0x00000236E2C60E88>,,<zip object at 0x00000236E2C60208>,,<zip object at 0x00000236E42B6948>,,<zip object at 0x00000236E46A4508>,,<zip object at 0x00000236E46A4408>,,<zip object at 0x00000236E2A984C8>,,<zip object at 0x00000236E2779408>,,<zip object at 0x00000236E2A98108>,,<zip object at 0x00000236E1F30308>,,<zip object at 0x00000236E2C60148>,,<zip object at 0x00000236E2C607C8>,,<zip object at 0x00000236E2A9B148>,,<zip object at 0x00000236E42B6208>,,<zip object at 0x00000236E2C60F48>,,<zip object at 0x00000236E28C26C8>,,<zip object at 0x00000236E2A9B1C8>,,<zip object at 0x00000236E2A98188>,,<zip object at 0x00000236E2A98D48>,,<zip object at 0x00000236E28C2948>,,<zip object at 0x00000236E2A9BEC8>,,<zip object at 0x00000236E2A98F48>,,<zip object at 0x00000236E2A9BC88>,,<zip object at 0x00000236E4311DC8>
33,Ӑ[,<zip object at 0x00000236E2A98688>,Ӑ[,<zip object at 0x00000236E2C60E88>,Ӑ[,<zip object at 0x00000236E2C60208>,Ӑ[,<zip object at 0x00000236E42B6948>,Ӑ[,<zip object at 0x00000236E46A4508>,Ӑ[,<zip object at 0x00000236E46A4408>,Ӑ[,<zip object at 0x00000236E2A984C8>,Ӑ[,<zip object at 0x00000236E2779408>,Ӑ[,<zip object at 0x00000236E2A98108>,Ӑ[,<zip object at 0x00000236E1F30308>,Ӑ[,<zip object at 0x00000236E2C60148>,Ӑ[,<zip object at 0x00000236E2C607C8>,Ӑ[,<zip object at 0x00000236E2A9B148>,Ӑ[,<zip object at 0x00000236E42B6208>,Ӑ[,<zip object at 0x00000236E2C60F48>,Ӑ[,<zip object at 0x00000236E28C26C8>,Ӑ[,<zip object at 0x00000236E2A9B1C8>,Ӑ[,<zip object at 0x00000236E2A98188>,Ӑ[,<zip object at 0x00000236E2A98D48>,Ӑ[,<zip object at 0x00000236E28C2948>,Ӑ[,<zip object at 0x00000236E2A9BEC8>,Ӑ[,<zip object at 0x00000236E2A98F48>,Ӑ[,<zip object at 0x00000236E2A9BC88>,Ӑ[,<zip object at 0x00000236E4311DC8>
34,ق,<zip object at 0x00000236E2A98688>,ق,<zip object at 0x00000236E2C60E88>,ق,<zip object at 0x00000236E2C60208>,ق,<zip object at 0x00000236E42B6948>,ق,<zip object at 0x00000236E46A4508>,ق,<zip object at 0x00000236E46A4408>,ق,<zip object at 0x00000236E2A984C8>,ق,<zip object at 0x00000236E2779408>,ق,<zip object at 0x00000236E2A98108>,ق,<zip object at 0x00000236E1F30308>,ق,<zip object at 0x00000236E2C60148>,ق,<zip object at 0x00000236E2C607C8>,ق,<zip object at 0x00000236E2A9B148>,ق,<zip object at 0x00000236E42B6208>,ق,<zip object at 0x00000236E2C60F48>,ق,<zip object at 0x00000236E28C26C8>,ق,<zip object at 0x00000236E2A9B1C8>,ق,<zip object at 0x00000236E2A98188>,ق,<zip object at 0x00000236E2A98D48>,ق,<zip object at 0x00000236E28C2948>,ق,<zip object at 0x00000236E2A9BEC8>,ق,<zip object at 0x00000236E2A98F48>,ق,<zip object at 0x00000236E2A9BC88>,ق,<zip object at 0x00000236E4311DC8>
35,]܂,<zip object at 0x00000236E2A98688>,]܂,<zip object at 0x00000236E2C60E88>,]܂,<zip object at 0x00000236E2C60208>,]܂,<zip object at 0x00000236E42B6948>,]܂,<zip object at 0x00000236E46A4508>,]܂,<zip object at 0x00000236E46A4408>,]܂,<zip object at 0x00000236E2A984C8>,]܂,<zip object at 0x00000236E2779408>,]܂,<zip object at 0x00000236E2A98108>,]܂,<zip object at 0x00000236E1F30308>,]܂,<zip object at 0x00000236E2C60148>,]܂,<zip object at 0x00000236E2C607C8>,]܂,<zip object at 0x00000236E2A9B148>,]܂,<zip object at 0x00000236E42B6208>,]܂,<zip object at 0x00000236E2C60F48>,]܂,<zip object at 0x00000236E28C26C8>,]܂,<zip object at 0x00000236E2A9B1C8>,]܂,<zip object at 0x00000236E2A98188>,]܂,<zip object at 0x00000236E2A98D48>,]܂,<zip object at 0x00000236E28C2948>,]܂,<zip object at 0x00000236E2A9BEC8>,]܂,<zip object at 0x00000236E2A98F48>,]܂,<zip object at 0x00000236E2A9BC88>,]܂,<zip object at 0x00000236E4311DC8>
36,肪,<zip object at 0x00000236E2A98688>,肪,<zip object at 0x00000236E2C60E88>,肪,<zip object at 0x00000236E2C60208>,肪,<zip object at 0x00000236E42B6948>,肪,<zip object at 0x00000236E46A4508>,肪,<zip object at 0x00000236E46A4408>,肪,<zip object at 0x00000236E2A984C8>,肪,<zip object at 0x00000236E2779408>,肪,<zip object at 0x00000236E2A98108>,肪,<zip object at 0x00000236E1F30308>,肪,<zip object at 0x00000236E2C60148>,肪,<zip object at 0x00000236E2C607C8>,肪,<zip object at 0x00000236E2A9B148>,肪,<zip object at 0x00000236E42B6208>,肪,<zip object at 0x00000236E2C60F48>,肪,<zip object at 0x00000236E28C26C8>,肪,<zip object at 0x00000236E2A9B1C8>,肪,<zip object at 0x00000236E2A98188>,肪,<zip object at 0x00000236E2A98D48>,肪,<zip object at 0x00000236E28C2948>,肪,<zip object at 0x00000236E2A9BEC8>,肪,<zip object at 0x00000236E2A98F48>,肪,<zip object at 0x00000236E2A9BC88>,肪,<zip object at 0x00000236E4311DC8>
37,Ⴂ,<zip object at 0x00000236E2A98688>,Ⴂ,<zip object at 0x00000236E2C60E88>,Ⴂ,<zip object at 0x00000236E2C60208>,Ⴂ,<zip object at 0x00000236E42B6948>,Ⴂ,<zip object at 0x00000236E46A4508>,Ⴂ,<zip object at 0x00000236E46A4408>,Ⴂ,<zip object at 0x00000236E2A984C8>,Ⴂ,<zip object at 0x00000236E2779408>,Ⴂ,<zip object at 0x00000236E2A98108>,Ⴂ,<zip object at 0x00000236E1F30308>,Ⴂ,<zip object at 0x00000236E2C60148>,Ⴂ,<zip object at 0x00000236E2C607C8>,Ⴂ,<zip object at 0x00000236E2A9B148>,Ⴂ,<zip object at 0x00000236E42B6208>,Ⴂ,<zip object at 0x00000236E2C60F48>,Ⴂ,<zip object at 0x00000236E28C26C8>,Ⴂ,<zip object at 0x00000236E2A9B1C8>,Ⴂ,<zip object at 0x00000236E2A98188>,Ⴂ,<zip object at 0x00000236E2A98D48>,Ⴂ,<zip object at 0x00000236E28C2948>,Ⴂ,<zip object at 0x00000236E2A9BEC8>,Ⴂ,<zip object at 0x00000236E2A98F48>,Ⴂ,<zip object at 0x00000236E2A9BC88>,Ⴂ,<zip object at 0x00000236E4311DC8>
38,,<zip object at 0x00000236E2A98688>,,<zip object at 0x00000236E2C60E88>,,<zip object at 0x00000236E2C60208>,,<zip object at 0x00000236E42B6948>,,<zip object at 0x00000236E46A4508>,,<zip object at 0x00000236E46A4408>,,<zip object at 0x00000236E2A984C8>,,<zip object at 0x00000236E2779408>,,<zip object at 0x00000236E2A98108>,,<zip object at 0x00000236E1F30308>,,<zip object at 0x00000236E2C60148>,,<zip object at 0x00000236E2C607C8>,,<zip object at 0x00000236E2A9B148>,,<zip object at 0x00000236E42B6208>,,<zip object at 0x00000236E2C60F48>,,<zip object at 0x00000236E28C26C8>,,<zip object at 0x00000236E2A9B1C8>,,<zip object at 0x00000236E2A98188>,,<zip object at 0x00000236E2A98D48>,,<zip object at 0x00000236E28C2948>,,<zip object at 0x00000236E2A9BEC8>,,<zip object at 0x00000236E2A98F48>,,<zip object at 0x00000236E2A9BC88>,,<zip object at 0x00000236E4311DC8>
39,͂Ȃ,<zip object at 0x00000236E2A98688>,͂Ȃ,<zip object at 0x00000236E2C60E88>,͂Ȃ,<zip object at 0x00000236E2C60208>,͂Ȃ,<zip object at 0x00000236E42B6948>,͂Ȃ,<zip object at 0x00000236E46A4508>,͂Ȃ,<zip object at 0x00000236E46A4408>,͂Ȃ,<zip object at 0x00000236E2A984C8>,͂Ȃ,<zip object at 0x00000236E2779408>,͂Ȃ,<zip object at 0x00000236E2A98108>,͂Ȃ,<zip object at 0x00000236E1F30308>,͂Ȃ,<zip object at 0x00000236E2C60148>,͂Ȃ,<zip object at 0x00000236E2C607C8>,͂Ȃ,<zip object at 0x00000236E2A9B148>,͂Ȃ,<zip object at 0x00000236E42B6208>,͂Ȃ,<zip object at 0x00000236E2C60F48>,͂Ȃ,<zip object at 0x00000236E28C26C8>,͂Ȃ,<zip object at 0x00000236E2A9B1C8>,͂Ȃ,<zip object at 0x00000236E2A98188>,͂Ȃ,<zip object at 0x00000236E2A98D48>,͂Ȃ,<zip object at 0x00000236E28C2948>,͂Ȃ,<zip object at 0x00000236E2A9BEC8>,͂Ȃ,<zip object at 0x00000236E2A98F48>,͂Ȃ,<zip object at 0x00000236E2A9BC88>,͂Ȃ,<zip object at 0x00000236E4311DC8>
40,L,<zip object at 0x00000236E2A98688>,L,<zip object at 0x00000236E2C60E88>,L,<zip object at 0x00000236E2C60208>,L,<zip object at 0x00000236E42B6948>,L,<zip object at 0x00000236E46A4508>,L,<zip object at 0x00000236E46A4408>,L,<zip object at 0x00000236E2A984C8>,L,<zip object at 0x00000236E2779408>,L,<zip object at 0x00000236E2A98108>,L,<zip object at 0x00000236E1F30308>,L,<zip object at 0x00000236E2C60148>,L,<zip object at 0x00000236E2C607C8>,L,<zip object at 0x00000236E2A9B148>,L,<zip object at 0x00000236E42B6208>,L,<zip object at 0x00000236E2C60F48>,L,<zip object at 0x00000236E28C26C8>,L,<zip object at 0x00000236E2A9B1C8>,L,<zip object at 0x00000236E2A98188>,L,<zip object at 0x00000236E2A98D48>,L,<zip object at 0x00000236E28C2948>,L,<zip object at 0x00000236E2A9BEC8>,L,<zip object at 0x00000236E2A98F48>,L,<zip object at 0x00000236E2A9BC88>,L,<zip object at 0x00000236E4311DC8>
41,,<zip object at 0x00000236E2A98688>,,<zip object at 0x00000236E2C60E88>,,<zip object at 0x00000236E2C60208>,,<zip object at 0x00000236E42B6948>,,<zip object at 0x00000236E46A4508>,,<zip object at 0x00000236E46A4408>,,<zip object at 0x00000236E2A984C8>,,<zip object at 0x00000236E2779408>,,<zip object at 0x00000236E2A98108>,,<zip object at 0x00000236E1F30308>,,<zip object at 0x00000236E2C60148>,,<zip object at 0x00000236E2C607C8>,,<zip object at 0x00000236E2A9B148>,,<zip object at 0x00000236E42B6208>,,<zip object at 0x00000236E2C60F48>,,<zip object at 0x00000236E28C26C8>,,<zip object at 0x00000236E2A9B1C8>,,<zip object at 0x00000236E2A98188>,,<zip object at 0x00000236E2A98D48>,,<zip object at 0x00000236E28C2948>,,<zip object at 0x00000236E2A9BEC8>,,<zip object at 0x00000236E2A98F48>,,<zip object at 0x00000236E2A9BC88>,,<zip object at 0x00000236E4311DC8>
42,낵,<zip object at 0x00000236E2A98688>,낵,<zip object at 0x00000236E2C60E88>,낵,<zip object at 0x00000236E2C60208>,낵,<zip object at 0x00000236E42B6948>,낵,<zip object at 0x00000236E46A4508>,낵,<zip object at 0x00000236E46A4408>,낵,<zip object at 0x00000236E2A984C8>,낵,<zip object at 0x00000236E2779408>,낵,<zip object at 0x00000236E2A98108>,낵,<zip object at 0x00000236E1F30308>,낵,<zip object at 0x00000236E2C60148>,낵,<zip object at 0x00000236E2C607C8>,낵,<zip object at 0x00000236E2A9B148>,낵,<zip object at 0x00000236E42B6208>,낵,<zip object at 0x00000236E2C60F48>,낵,<zip object at 0x00000236E28C26C8>,낵,<zip object at 0x00000236E2A9B1C8>,낵,<zip object at 0x00000236E2A98188>,낵,<zip object at 0x00000236E2A98D48>,낵,<zip object at 0x00000236E28C2948>,낵,<zip object at 0x00000236E2A9BEC8>,낵,<zip object at 0x00000236E2A98F48>,낵,<zip object at 0x00000236E2A9BC88>,낵,<zip object at 0x00000236E4311DC8>
43,߂,<zip object at 0x00000236E2A98688>,߂,<zip object at 0x00000236E2C60E88>,߂,<zip object at 0x00000236E2C60208>,߂,<zip object at 0x00000236E42B6948>,߂,<zip object at 0x00000236E46A4508>,߂,<zip object at 0x00000236E46A4408>,߂,<zip object at 0x00000236E2A984C8>,߂,<zip object at 0x00000236E2779408>,߂,<zip object at 0x00000236E2A98108>,߂,<zip object at 0x00000236E1F30308>,߂,<zip object at 0x00000236E2C60148>,߂,<zip object at 0x00000236E2C607C8>,߂,<zip object at 0x00000236E2A9B148>,߂,<zip object at 0x00000236E42B6208>,߂,<zip object at 0x00000236E2C60F48>,߂,<zip object at 0x00000236E28C26C8>,߂,<zip object at 0x00000236E2A9B1C8>,߂,<zip object at 0x00000236E2A98188>,߂,<zip object at 0x00000236E2A98D48>,߂,<zip object at 0x00000236E28C2948>,߂,<zip object at 0x00000236E2A9BEC8>,߂,<zip object at 0x00000236E2A98F48>,߂,<zip object at 0x00000236E2A9BC88>,߂,<zip object at 0x00000236E4311DC8>
44,ア,<zip object at 0x00000236E2A98688>,ア,<zip object at 0x00000236E2C60E88>,ア,<zip object at 0x00000236E2C60208>,ア,<zip object at 0x00000236E42B6948>,ア,<zip object at 0x00000236E46A4508>,ア,<zip object at 0x00000236E46A4408>,ア,<zip object at 0x00000236E2A984C8>,ア,<zip object at 0x00000236E2779408>,ア,<zip object at 0x00000236E2A98108>,ア,<zip object at 0x00000236E1F30308>,ア,<zip object at 0x00000236E2C60148>,ア,<zip object at 0x00000236E2C607C8>,ア,<zip object at 0x00000236E2A9B148>,ア,<zip object at 0x00000236E42B6208>,ア,<zip object at 0x00000236E2C60F48>,ア,<zip object at 0x00000236E28C26C8>,ア,<zip object at 0x00000236E2A9B1C8>,ア,<zip object at 0x00000236E2A98188>,ア,<zip object at 0x00000236E2A98D48>,ア,<zip object at 0x00000236E28C2948>,ア,<zip object at 0x00000236E2A9BEC8>,ア,<zip object at 0x00000236E2A98F48>,ア,<zip object at 0x00000236E2A9BC88>,ア,<zip object at 0x00000236E4311DC8>
45,,<zip object at 0x00000236E2A98688>,,<zip object at 0x00000236E2C60E88>,,<zip object at 0x00000236E2C60208>,,<zip object at 0x00000236E42B6948>,,<zip object at 0x00000236E46A4508>,,<zip object at 0x00000236E46A4408>,,<zip object at 0x00000236E2A984C8>,,<zip object at 0x00000236E2779408>,,<zip object at 0x00000236E2A98108>,,<zip object at 0x00000236E1F30308>,,<zip object at 0x00000236E2C60148>,,<zip object at 0x00000236E2C607C8>,,<zip object at 0x00000236E2A9B148>,,<zip object at 0x00000236E42B6208>,,<zip object at 0x00000236E2C60F48>,,<zip object at 0x00000236E28C26C8>,,<zip object at 0x00000236E2A9B1C8>,,<zip object at 0x00000236E2A98188>,,<zip object at 0x00000236E2A98D48>,,<zip object at 0x00000236E28C2948>,,<zip object at 0x00000236E2A9BEC8>,,<zip object at 0x00000236E2A98F48>,,<zip object at 0x00000236E2A9BC88>,,<zip object at 0x00000236E4311DC8>
